<?xml version="1.0" encoding="UTF-8"?>
<Configuration>
    <Appenders>
        <File name="FileAppender" fileName="out/logs/app.log" append="true">
            <PatternLayout pattern="%d{yyy-MM-dd HH:mm:ss} [%t] %-5level %logger{36} - %msg%n"/>
        </File>
        <Console name="STDOUT" target="SYSTEM_OUT">
            <PatternLayout pattern="%d{yyy-MM-dd HH:mm:ss} [%t] %-5level %logger{36} - %msg%n"/>
        </Console>
    </Appenders>
    <Loggers>
        <Logger name="Applications.Web.Server" level="debug">
            <AppenderRef ref="FileAppender"/>
        </Logger>
        <Logger name="Applications.Web.Client" level="debug">
            <AppenderRef ref="FileAppender"/>
        </Logger>
        <Root level="debug">
            <AppenderRef ref="STDOUT"/>
        </Root>
    </Loggers>
</Configuration>